carrera,institucion,sede,direccion,web,nombre_pagina,enlace_ubicaciones
Diseño,IP DE CHILE,Sede República,"Av. República 285, Santiago, Santiago",http://www.ipchile.cl/carreras/diseno,ipchile.cl,"https://www.google.com/maps/place/33%C2%B027'07.2%22S+70%C2%B040'03.6%22W/@-33.4520035,-70.6698637,17z/data=!3m1!4b1!4m5!3m4!1s0x0:0x0!8m2!3d-33.452008!4d-70.667675"
Diseño,UNIVERSIDAD ADOLFO IBAÑEZ,Campus Peñalolén,"Diagonal Las Torres 2640, Peñalolén, Santiago",http://www.uai.cl/carreras/diseno,uai.cl,"https://www.google.com/maps/place/33%C2%B029'09.4%22S+70%C2%B031'15.4%22W/@-33.4859395,-70.5231417,17z/data=!3m1!4b1!4m5!3m4!1s0x0:0x0!8m2!3d-33.485944!4d-70.520953"
Diseño,UNIVERSIDAD CATÓLICA,Campus Lo Contador,"El Comendador 1916, Providencia, Santiago",http://diseno.uc.cl/,diseno.uc.cl,"https://www.google.com/maps/place/El+Comendador+1916,+Providencia,+Regi%C3%B3n+Metropolitana,+Chile/@-33.4202473,-70.6202817,17z/data=!3m1!4b1!4m5!3m4!1s0x9662cf608d0f317b:0x844e3a8482d4800c!8m2!3d-33.4202518!4d-70.618093"
Diseño,UNIVERSIDAD DE TALCA,Campus Talca,"2 Nte. 685, Talca",http://admision.utalca.cl/carreras/diseno.html,admision.utalca.cl,"https://www.google.com/maps/place/35%C2%B025'31.2%22S+71%C2%B038'42.3%22W/@-35.4253286,-71.6472617,17z/data=!3m1!4b1!4m5!3m4!1s0x0:0x0!8m2!3d-35.425333!4d-71.645073"
Diseño,UNIVERSIDAD DEL DESARROLLO,Campus San Carlos de Apoquindo,"Av. Plaza 680, Las Condes, Santiago",http://diseno.udd.cl/,diseno.udd.cl,"https://www.google.com/maps/place/33%C2%B023'28.9%22S+70%C2%B030'07.6%22W/@-33.3913435,-70.5042907,17z/data=!3m1!4b1!4m5!3m4!1s0x0:0x0!8m2!3d-33.391348!4d-70.502102"
Diseño,UNIVERSIDAD DEL DESARROLLO,Campus Ainavillo,"Ainavillo 456, Concepción",http://diseno.udd.cl/carrera/diseno/equipo/concepcion/,diseno.udd.cl,"https://www.google.com/maps/place/36%C2%B049'17.5%22S+73%C2%B002'12.3%22W/@-36.8215247,-73.0389427,17z/data=!3m1!4b1!4m5!3m4!1s0x0:0x0!8m2!3d-36.821529!4d-73.036754"
Diseño,UNIVERSIDAD DIEGO PORTALES,Edificio Aulario,"Av. República 180, Santiago, Santiago",http://diseno.udp.cl/,diseno.udp.cl,"https://www.google.com/maps/place/33%C2%B027'02.2%22S+70%C2%B040'02.0%22W/@-33.4506125,-70.6694147,17z/data=!3m1!4b1!4m5!3m4!1s0x0:0x0!8m2!3d-33.450617!4d-70.667226"
Diseño,UNIVERSIDAD FINIS TERRAE,Campus Universitario Avenida Pedro de Valdivia,"Av. Pedro de Valdivia 1224, Providencia, Santiago",http://fad.uft.cl/escuela-de-diseno,fad.uft.cl,"https://www.google.com/maps/place/33%C2%B026'02.3%22S+70%C2%B036'30.4%22W/@-33.4339775,-70.6106357,17z/data=!3m1!4b1!4m5!3m4!1s0x0:0x0!8m2!3d-33.433982!4d-70.608447"
"Diseño Crossmedia en Gráfica, Web y Video Digital",Sede Santiago,UNIVERSIDAD GABRIELA MISTRAL,"Av. Ricardo Lyon 1177, Providencia, Santiago",http://www.ugm.cl/dcm/carrera/perfil/,ugm.cl,"https://www.google.com/maps/place/33%C2%B025'54.8%22S+70%C2%B036'21.8%22W/@-33.4318965,-70.6082327,17z/data=!3m1!4b1!4m5!3m4!1s0x0:0x0!8m2!3d-33.431901!4d-70.606044"
Diseño de Ambiente,IP DUOC UC,Sede Alameda,"Av. España 8, Santiago, Santiago",http://www.duoc.cl/carrera/diseno-de-ambientes,duoc.cl,"https://www.google.com/maps/place/33%C2%B026'56.1%22S+70%C2%B040'13.3%22W/@-33.4489095,-70.6725507,17z/data=!3m1!4b1!4m5!3m4!1s0x0:0x0!8m2!3d-33.448914!4d-70.670362"
Diseño de Ambiente,IP DUOC UC,Sede San Carlos de Apoquindo,"Camino El Alba 12881, Las Condes, Santiago",http://www.duoc.cl/carrera/diseno-de-ambientes,duoc.cl,"https://www.google.com/maps/place/33%C2%B023'58.9%22S+70%C2%B030'22.7%22W/@-33.3996885,-70.5084927,17z/data=!3m1!4b1!4m5!3m4!1s0x0:0x0!8m2!3d-33.399693!4d-70.506304"
Diseño de Imagen Especialidad Moda,UNIACC,Campus Providencia,"Av. Salvador 1200, Providencia, Santiago",http://www.uniacc.cl/diseno-grafico-diurno/,uniacc.cl,"https://www.google.com/maps/place/33%C2%B026'39.4%22S+70%C2%B037'22.7%22W/@-33.4442645,-70.6251697,17z/data=!3m1!4b1!4m5!3m4!1s0x0:0x0!8m2!3d-33.444269!4d-70.622981"
Diseño de Interiores,UNIVERSIDAD DEL PACÍFICO,Sede Las Condes,"Av. Las Condes 11121, Las Condes, Santiago",http://web.upacifico.cl/noticias/categoria/carreras/diseno-de-interiores/,web.upacifico.cl,"https://www.google.com/maps/place/33%C2%B022'43.4%22S+70%C2%B031'43.2%22W/@-33.3787225,-70.5308607,17z/data=!3m1!4b1!4m5!3m4!1s0x0:0x0!8m2!3d-33.378727!4d-70.528672"
Diseño de Juegos Digitales,UNIVERSIDAD ANDRÉS BELLO,Campus Casona Las Condes,"Fernández Concha 700, Las Condes, Santiago",https://campuscreativo.cl/carreras/diseno-de-juegos-digitales/,campuscreativo.cl,"https://www.google.com/maps/place/33%C2%B022'29.6%22S+70%C2%B030'19.4%22W/@-33.3748895,-70.5075737,17z/data=!3m1!4b1!4m5!3m4!1s0x0:0x0!8m2!3d-33.374894!4d-70.505385"
Diseño de Moda,IP INACAP,INACAP La Serena,"Francisco de Aguirre 389, La Serena",http://portales.inacap.cl/areas-inacap/diseno-y-comunicacion/carrera/diseno-de-moda,portales.inacap.cl,"https://www.google.com/maps/place/29%C2%B054'21.6%22S+71%C2%B015'07.1%22W/@-29.9060043,-71.2541677,17z/data=!3m1!4b1!4m5!3m4!1s0x0:0x0!8m2!3d-29.906009!4d-71.251979"
Diseño de Moda,IP INACAP,INACAP Apoquindo,"Apoquindo Ote. 7282, Las Condes, Santiago",http://portales.inacap.cl/areas-inacap/diseno-y-comunicacion/carrera/diseno-de-moda,portales.inacap.cl,"https://www.google.com/maps/place/33%C2%B024'29.8%22S+70%C2%B033'12.1%22W/@-33.4082705,-70.5555577,17z/data=!3m1!4b1!4m5!3m4!1s0x0:0x0!8m2!3d-33.408275!4d-70.553369"
Diseño de Moda,IP INACAP,INACAP Temuco,"Luis Durand 2150, Temuco",http://portales.inacap.cl/areas-inacap/diseno-y-comunicacion/carrera/diseno-de-moda,portales.inacap.cl,"https://www.google.com/maps/place/38%C2%B043'31.3%22S+72%C2%B037'48.5%22W/@-38.7253688,-72.6323257,17z/data=!3m1!4b1!4m5!3m4!1s0x0:0x0!8m2!3d-38.725373!4d-72.630137"
Diseño de Vestuario,IP DUOC UC,Sede San Carlos de Apoquindo,"Camino El Alba 12881, Las Condes, Santiago",http://www.duoc.cl/carrera/diseno-de-vestuario,duoc.cl,"https://www.google.com/maps/place/33%C2%B023'58.8%22S+70%C2%B030'22.7%22W/@-33.3996615,-70.5084927,17z/data=!3m1!4b1!4m5!3m4!1s0x0:0x0!8m2!3d-33.399666!4d-70.506304"
Diseño de Vestuario Profesional Mención Alta Costura,IP AIEP,Sede Providencia,"Triana 820, Providencia, Santiago",http://admision.aiep.cl/carreras-tecnicas/tecnico-en-diseno-de-vestuario/,admision.aiep.cl,"https://www.google.com/maps/place/33%C2%B025'59.1%22S+70%C2%B037'28.3%22W/@-33.4330915,-70.6267267,17z/data=!3m1!4b1!4m5!3m4!1s0x0:0x0!8m2!3d-33.433096!4d-70.624538"
Diseño de Vestuario y Textil,UNIVERSIDAD ANDRÉS BELLO,Campus Casona Las Condes,"Fernández Concha 700, Las Condes,  Metropolitana, Chile",http://www.unab.cl/admision/carreras/diseno-vestuario-textil/,unab.cl,"https://www.google.com/maps/place/33%C2%B022'30.1%22S+70%C2%B030'18.4%22W/@-33.3750189,-70.5056522,19z/data=!3m1!4b1!4m5!3m4!1s0x0:0x0!8m2!3d-33.37502!4d-70.505105"
"Diseño de Vestuario, Moldaje y Confección",CFT DE ENSEÑANZA DE ALTA COSTURA PAULINA DIARD,Sede Santiago,"Santo Domingo 1083, Santiago, Santiago",http://www.paulinadiard.cl/,paulinadiard.cl/,"https://www.google.com/maps/place/33%C2%B026'10.5%22S+70%C2%B039'09.1%22W/@-33.4362578,-70.6536273,18z/data=!3m1!4b1!4m5!3m4!1s0x0:0x0!8m2!3d-33.43626!4d-70.652533"
Diseño en Comunicación Visual,UNIVERSIDAD TECNOLÓGICA METROPOLITANA,Campus Área Central,"Dieciocho 161, Santiago, Santiago",http://repositorio.utem.cl/handle/30081993/113,repositorio.utem.cl,"https://www.google.com/maps/place/33%C2%B026'54.5%22S+70%C2%B039'28.6%22W/@-33.4484685,-70.6601437,17z/data=!3m1!4b1!4m5!3m4!1s0x0:0x0!8m2!3d-33.448473!4d-70.657955"
Diseño Gráfico,IP AIEP,Sede Barrio Universitario,"Av. Ejército Libertador 49, Santiago, Santiago",http://www.aiep.cl/carrera/diseno-grafico/43/,aiep.cl,"https://www.google.com/maps/place/33%C2%B026'51.1%22S+70%C2%B039'41.6%22W/@-33.4475345,-70.6637337,17z/data=!3m1!4b1!4m5!3m4!1s0x0:0x0!8m2!3d-33.447539!4d-70.661545"
Diseño Gráfico,IP AIEP,Sede Providencia,"Triana 820, Providencia, Santiago",http://www.aiep.cl/carrera/diseno-grafico/43/,aiep.cl,"https://www.google.com/maps/place/33%C2%B025'59.1%22S+70%C2%B037'28.2%22W/@-33.4330915,-70.6266947,17z/data=!3m1!4b1!4m5!3m4!1s0x0:0x0!8m2!3d-33.433096!4d-70.624506"
Diseño Gráfico,IP AIEP,Sede Rancagua,"Cuevas 70, Rancagua",http://www.aiep.cl/carrera/diseno-grafico/43/,aiep.cl,"https://www.google.com/maps/place/34%C2%B010'11.7%22S+70%C2%B044'08.6%22W/@-34.1699085,-70.7379117,17z/data=!3m1!4b1!4m5!3m4!1s0x0:0x0!8m2!3d-34.169913!4d-70.735723"
Diseño Gráfico,IP AIEP,Sede Concepción,"Barros Arana 302, Concepción",http://www.aiep.cl/carrera/diseno-grafico/43/,aiep.cl,"https://www.google.com/maps/place/36%C2%B049'42.6%22S+73%C2%B003'17.1%22W/@-36.8285057,-73.0569587,17z/data=!4m5!3m4!1s0x0:0x0!8m2!3d-36.828501!4d-73.054749"
Diseño Gráfico,IP DUOC UC,Sede Viña del Mar,"Álvarez 2336, Viña del Mar",http://www.duoc.cl/carrera/diseno-grafico,duoc.cl,"https://www.google.cl/maps/place/33%C2%B002'01.4%22S+71%C2%B031'59.5%22W/@-33.0337075,-71.5353727,17z/data=!3m1!4b1!4m5!3m4!1s0x0:0x0!8m2!3d-33.033712!4d-71.533184"
Diseño Gráfico,IP DUOC UC,Sede San Carlos de Apoquindo,"Camino El Alba 12881, Las Condes, Santiago",http://www.duoc.cl/carrera/diseno-grafico,duoc.cl,"https://www.google.com/maps/place/33%C2%B023'58.7%22S+70%C2%B030'22.7%22W/@-33.3996435,-70.5084927,17z/data=!3m1!4b1!4m5!3m4!1s0x0:0x0!8m2!3d-33.399648!4d-70.506304"
Diseño Gráfico,IP DUOC UC,Sede Plaza Vespucio,"Froilán Roa 7107, La Florida",http://www.duoc.cl/carrera/diseno-grafico,duoc.cl,"https://www.google.com/maps/place/33%C2%B030'57.7%22S+70%C2%B035'53.2%22W/@-33.5160265,-70.6003027,17z/data=!3m1!4b1!4m5!3m4!1s0x0:0x0!8m2!3d-33.516031!4d-70.598114"
Diseño Gráfico,IP DUOC UC,Sede Plaza Oeste,"Av. Américo Vespucio 1501, Cerrillos, Santiago",http://www.duoc.cl/carrera/diseno-grafico,duoc.cl,"https://www.google.com/maps/place/33%C2%B030'54.7%22S+70%C2%B043'06.5%22W/@-33.5151989,-70.7190052,19z/data=!3m1!4b1!4m5!3m4!1s0x0:0x0!8m2!3d-33.5152!4d-70.718458"
Diseño Gráfico,IP DUOC UC,Sede San Andrés de Concepción,"Paicaví 3280, Concepción",http://www.duoc.cl/carrera/diseno-grafico,duoc.cl,"https://www.google.com/maps/place/36%C2%B047'44.5%22S+73%C2%B003'41.3%22W/@-36.7956908,-73.0625713,18z/data=!3m1!4b1!4m5!3m4!1s0x0:0x0!8m2!3d-36.795693!4d-73.061477"
Diseño Gráfico,IP SANTO TOMÁS,Sede Ruta 5 Norte,"Ruta 5 Norte 1068, La Serena",http://ipcft.santotomas.cl/carreras/diseno-grafico/,ipcft.santotomas.cl,"https://www.google.com/maps/place/29%C2%B054'31.0%22S+71%C2%B015'26.0%22W/@-29.9085973,-71.2594037,17z/data=!3m1!4b1!4m5!3m4!1s0x0:0x0!8m2!3d-29.908602!4d-71.257215"
Diseño Gráfico,IP SANTO TOMÁS,Sede San Joaquín,"Vicuña Mackenna 4835, San Joaquín, Santiago",http://ipcft.santotomas.cl/carreras/diseno-grafico/,ipcft.santotomas.cl,"https://www.google.com/maps/place/33%C2%B029'47.1%22S+70%C2%B037'00.6%22W/@-33.4964235,-70.6190077,17z/data=!3m1!4b1!4m5!3m4!1s0x0:0x0!8m2!3d-33.496428!4d-70.616819"
Diseño Gráfico,IP SANTO TOMÁS,Sede Talca,"Carlos Schorr 255, Talca",http://ipcft.santotomas.cl/carreras/diseno-grafico/,ipcft.santotomas.cl,"https://www.google.com/maps/place/35%C2%B025'44.3%22S+71%C2%B040'23.3%22W/@-35.4289756,-71.6753387,17z/data=!3m1!4b1!4m5!3m4!1s0x0:0x0!8m2!3d-35.42898!4d-71.67315"
Diseño Gráfico,IP SANTO TOMÁS,Sede Concepción,"Arturo Prat 879, Concepción",http://ipcft.santotomas.cl/carreras/diseno-grafico/,ipcft.santotomas.cl,"https://www.google.com/maps/place/36%C2%B049'29.9%22S+73%C2%B003'43.5%22W/@-36.8249545,-73.0642819,17z/data=!4m5!3m4!1s0x0:0x0!8m2!3d-36.824967!4d-73.062082"
Diseño Gráfico,IP SANTO TOMÁS,Sede Valdivia,"Av. Ramón Picarte 1160, Valdivia",http://ipcft.santotomas.cl/carreras/diseno-grafico/,ipcft.santotomas.cl,"https://www.google.cl/maps/place/39%C2%B049'02.9%22S+73%C2%B013'59.2%22W/@-39.8174639,-73.2353137,17z/data=!3m1!4b1!4m5!3m4!1s0x0:0x0!8m2!3d-39.817468!4d-73.233125"
Diseño Gráfico,IP SANTO TOMÁS,Sede Puerto Montt,"Buena Vecindad 91, Puerto Montt",http://ipcft.santotomas.cl/carreras/diseno-grafico/,ipcft.santotomas.cl,"https://www.google.com/maps/place/41%C2%B028'22.0%22S+72%C2%B055'43.8%22W/@-41.472769,-72.9310207,17z/data=!3m1!4b1!4m5!3m4!1s0x0:0x0!8m2!3d-41.472773!4d-72.928832"
Diseño Gráfico,PONTIFICIA UNIVERSIDAD CATÓLICA DE VALPARAÍSO,Sede Valparaíso,"Brasil 2950, Valparaíso",http://www.pucv.cl/pucv/pregrado/diseno-grafico/2015-06-08/161054.html,pucv.cl,"https://www.google.com/maps/place/33%C2%B002'39.9%22S+71%C2%B036'21.1%22W/@-33.0444025,-71.6080447,17z/data=!3m1!4b1!4m5!3m4!1s0x0:0x0!8m2!3d-33.044407!4d-71.605856"
Diseño Gráfico,UNIVERSIDAD ANDRÉS BELLO,Sede Viña del Mar,"Quillota 980, Viña del Mar",http://www.unab.cl/admision/carreras/diseno-grafico/,unab.cl,"https://www.google.com/maps/place/33%C2%B000'46.4%22S+71%C2%B032'29.9%22W/@-33.0128775,-71.5438147,17z/data=!3m1!4b1!4m5!3m4!1s0x0:0x0!8m2!3d-33.012882!4d-71.541626"
Diseño Gráfico,UNIVERSIDAD ANDRÉS BELLO,Campus Casona Las Condes,"Fernández Concha 700, Las Condes",http://www.unab.cl/admision/carreras/diseno-grafico/,unab.cl,"https://www.google.com/maps/place/33%C2%B022'29.3%22S+70%C2%B030'19.5%22W/@-33.3748986,-70.5075845,17z/data=!4m5!3m4!1s0x0:0x0!8m2!3d-33.374796!4d-70.505417"
Diseño Gráfico,UNIVERSIDAD CATÓLICA DE TEMUCO,Sede Temuco,"Av. Alemania 422, Temuco",https://admision.uct.cl/dis-grafico/,admision.uct.cl,"https://www.google.com/maps/place/38%C2%B044'08.9%22S+72%C2%B036'26.8%22W/@-38.7357998,-72.6096227,17z/data=!3m1!4b1!4m5!3m4!1s0x0:0x0!8m2!3d-38.735804!4d-72.607434"
Diseño Gráfico,UNIVERSIDAD DE CHILE,Campus Andrés Bello,"Portugal 84, Santiago",http://www.fau.uchile.cl/diseno,fau.uchile.cl/diseno,"https://www.google.cl/maps/place/33%C2%B026'32.2%22S+70%C2%B038'17.7%22W/@-33.4422812,-70.6404168,17z/data=!4m5!3m4!1s0x0:0x0!8m2!3d-33.442268!4d-70.63825"
Diseño Gráfico,UNIVERSIDAD DE LAS AMÉRICAS,Campus Providencia,"Av. Manuel Montt 948, Providencia, Santiago",http://admision.udla.cl/carrera/diseno-grafico,udla.cl,"https://www.google.cl/maps/place/33%C2%B026'12.7%22S+70%C2%B036'58.0%22W/@-33.4368901,-70.6183259,17z/data=!4m5!3m4!1s0x0:0x0!8m2!3d-33.436859!4d-70.616126"
Diseño Gráfico,UNIVERSIDAD DEL BIO-BIO,Sede Concepción,"Av. Casilla 5-C - Collao 1202, Concepción",http://ubiobio.cl/admision/Arquitectura_Construccion_Diseno/3/Diseno_Grafico/,ubiobio.cl,"https://www.google.cl/maps/place/36%C2%B049'21.9%22S+73%C2%B000'40.8%22W/@-36.8227597,-73.0135197,17z/data=!3m1!4b1!4m5!3m4!1s0x0:0x0!8m2!3d-36.822764!4d-73.011331"
Diseño Gráfico,UNIVERSIDAD DEL PACÍFICO,Sede Las Condes,"Av. Las Condes 11121, Las Condes, Santiago",http://web.upacifico.cl/noticias/categoria/carreras/diseno-grafico/,web.upacifico.cl/,"https://www.google.cl/maps/place/33%C2%B022'43.3%22S+70%C2%B031'42.8%22W/@-33.3786865,-70.5307537,17z/data=!3m1!4b1!4m5!3m4!1s0x0:0x0!8m2!3d-33.378691!4d-70.528565"
Diseño Gráfico Computacional,CFT ICEL,Sede Alameda,"Dieciocho 145, Santiago, Región Metropolitana",http://www.icel.cl/diseno-grafico-computacional/,icel.cl,"https://www.google.cl/maps/place/33%C2%B026'53.3%22S+70%C2%B039'28.9%22W/@-33.4481405,-70.6602197,17z/data=!3m1!4b1!4m5!3m4!1s0x0:0x0!8m2!3d-33.448145!4d-70.658031"
Diseño Gráfico Computacional,CFT ICEL,Sede Maipú,"Av. Pajáritos 4650, Maipú, Santiago",http://www.icel.cl/diseno-grafico-computacional/,icel.cl,"https://www.google.cl/maps/place/33%C2%B028'46.5%22S+70%C2%B044'37.0%22W/@-33.4795865,-70.7458087,17z/data=!3m1!4b1!4m5!3m4!1s0x0:0x0!8m2!3d-33.479591!4d-70.74362"
Diseño Gráfico Profesional,IP AIEP,Sede Barrio Universitario,"Av. Ejército 49, Santiago, Santiago",http://www.aiep.cl/carrera/diseno-grafico/43/,aiep.cl,"https://www.google.cl/maps/place/33%C2%B026'51.3%22S+70%C2%B039'40.2%22W/@-33.4475695,-70.6633477,17z/data=!3m1!4b1!4m5!3m4!1s0x0:0x0!8m2!3d-33.447574!4d-70.661159"
Diseño Gráfico Profesional,IP AIEP,Sede Providencia,"Triana 820, Providencia, Santiago",http://www.aiep.cl/carrera/diseno-grafico/43/,aiep.cl,"https://www.google.cl/maps/place/33%C2%B025'59.6%22S+70%C2%B037'28.4%22W/@-33.4332165,-70.6267377,17z/data=!3m1!4b1!4m5!3m4!1s0x0:0x0!8m2!3d-33.433221!4d-70.624549"
Diseño Gráfico Profesional,IP AIEP,Sede Rancagua,"Cuevas 70, Rancagua",http://www.aiep.cl/carrera/diseno-grafico/43/,aiep.cl,"https://www.google.cl/maps/place/34%C2%B010'11.8%22S+70%C2%B044'08.6%22W/@-34.1699265,-70.7379117,17z/data=!3m1!4b1!4m5!3m4!1s0x0:0x0!8m2!3d-34.169931!4d-70.735723"
Diseño Gráfico Profesional,IP AIEP,Sede Concepción,"Barros Arana 302, Concepción",http://www.aiep.cl/carrera/diseno-grafico/43/,aiep.cl,"https://www.google.cl/maps/place/36%C2%B049'42.6%22S+73%C2%B003'17.1%22W/@-36.8284887,-73.0569477,17z/data=!3m1!4b1!4m5!3m4!1s0x0:0x0!8m2!3d-36.828493!4d-73.054759"
Diseño Gráfico Profesional,IP AIEP,Sede Puerto Montt,"Ejército 200, Puerto Montt",http://www.aiep.cl/carrera/diseno-grafico/43/,aiep.cl,"https://www.google.cl/maps/place/41%C2%B028'11.5%22S+72%C2%B056'07.7%22W/@-41.469847,-72.9376707,17z/data=!3m1!4b1!4m5!3m4!1s0x0:0x0!8m2!3d-41.469851!4d-72.935482"
Diseño Gráfico Profesional,IP INACAP,INACAP Iquique,"Av. La Tirana 4310, Iquique",http://www.inacap.cl/tportalvp/diseno-y-comunicaciones/contenido/carreras/diseno-grafico-profesional-cod-a7-a70-5,inacap.cl,"https://www.google.cl/maps/place/20%C2%B016'18.5%22S+70%C2%B007'32.2%22W/@-20.271794,-70.1278067,17z/data=!3m1!4b1!4m5!3m4!1s0x0:0x0!8m2!3d-20.271799!4d-70.125618"
Diseño Gráfico Profesional,IP INACAP,INACAP La Serena,"Francisco de Aguirre 389, La Serena",http://www.inacap.cl/tportalvp/diseno-y-comunicaciones/contenido/carreras/diseno-grafico-profesional-cod-a7-a70-5,inacap.cl,"https://www.google.cl/maps/place/29%C2%B054'21.8%22S+71%C2%B016'02.4%22W/@-29.9060463,-71.2695207,17z/data=!3m1!4b1!4m5!3m4!1s0x0:0x0!8m2!3d-29.906051!4d-71.267332"
Diseño Gráfico Profesional,IP INACAP,INACAP Apoquindo,"Apoquindo Ote. 7282, Las Condes, Santiago",http://www.inacap.cl/tportalvp/diseno-y-comunicaciones/contenido/carreras/diseno-grafico-profesional-cod-a7-a70-5,inacap.cl,"https://www.google.cl/maps/place/33%C2%B024'29.2%22S+70%C2%B033'12.0%22W/@-33.4081115,-70.5555227,17z/data=!3m1!4b1!4m5!3m4!1s0x0:0x0!8m2!3d-33.408116!4d-70.553334"
Diseño Gráfico Profesional,IP INACAP,INACAP Peréz Rosales,"Brown Nte 290, Ñuñoa, Santiago",http://www.inacap.cl/tportalvp/diseno-y-comunicaciones/contenido/carreras/diseno-grafico-profesional-cod-a7-a70-5,inacap.cl,"https://www.google.cl/maps/place/33%C2%B027'08.5%22S+70%C2%B035'26.3%22W/@-33.4523535,-70.5928387,17z/data=!3m1!4b1!4m5!3m4!1s0x0:0x0!8m2!3d-33.452358!4d-70.59065"
Diseño Gráfico Profesional,IP INACAP,INACAP Puente Alto,"Av. Concha y Toro 2730, Puente Alto, Santiago",http://www.inacap.cl/tportalvp/diseno-y-comunicaciones/contenido/carreras/diseno-grafico-profesional-cod-a7-a70-5,inacap.cl,"https://www.google.cl/maps/place/33%C2%B035'08.8%22S+70%C2%B034'51.0%22W/@-33.5857705,-70.5830197,17z/data=!3m1!4b1!4m5!3m4!1s0x0:0x0!8m2!3d-33.585775!4d-70.580831"
Diseño Gráfico Profesional,IP INACAP,INACAP Curicó,"Juan Fernández 2010, Archipiélago, Curicó",http://www.inacap.cl/tportalvp/diseno-y-comunicaciones/contenido/carreras/diseno-grafico-profesional-cod-a7-a70-5,inacap.cl,"https://www.google.cl/maps/place/34%C2%B058'43.8%22S+71%C2%B012'39.3%22W/@-34.978927,-71.2109284,15z/data=!4m5!3m4!1s0x0:0x0!8m2!3d-34.978839!4d-71.210928"
Diseño Gráfico Profesional,IP INACAP,INACAP Temuco,"Luis Durand 2150, Temuco",http://www.inacap.cl/tportalvp/diseno-y-comunicaciones/contenido/carreras/diseno-grafico-profesional-cod-a7-a70-5,inacap.cl,"https://www.google.cl/maps/place/38%C2%B043'31.6%22S+72%C2%B037'51.4%22W/@-38.7254145,-72.6323472,17z/data=!4m5!3m4!1s0x0:0x0!8m2!3d-38.725444!4d-72.630942"
Diseño Gráfico Profesional,IP INACAP,INACAP Osorno,"Alcalde René Soriano Bórquez 2382, Osorno",http://www.inacap.cl/tportalvp/diseno-y-comunicaciones/contenido/carreras/diseno-grafico-profesional-cod-a7-a70-5,inacap.cl,"https://www.google.cl/maps/place/40%C2%B034'52.1%22S+73%C2%B006'41.5%22W/@-40.5811431,-73.1137629,17z/data=!4m5!3m4!1s0x0:0x0!8m2!3d-40.581131!4d-73.111542"
Diseño Gráfico Profesional,IP INACAP,INACAP Punta Arenas,"Av Bulnes 4, Punta Arenas",http://www.inacap.cl/tportalvp/diseno-y-comunicaciones/contenido/carreras/diseno-grafico-profesional-cod-a7-a70-5,inacap.cl,"https://www.google.cl/maps/place/53%C2%B007'53.4%22S+70%C2%B052'44.8%22W/@-53.1314322,-70.8791099,15z/data=!4m5!3m4!1s0x0:0x0!8m2!3d-53.131497!4d-70.87911"
Diseño Gráfico Profesional,IP INACAP,INACAP Arica,"Santa María 2190, Arica",http://www.inacap.cl/tportalvp/diseno-y-comunicaciones/contenido/carreras/diseno-grafico-profesional-cod-a7-a70-5,inacap.cl,"https://www.google.cl/maps/place/18%C2%B028'08.8%22S+70%C2%B018'10.2%22W/@-18.4690989,-70.3050077,17z/data=!3m1!4b1!4m5!3m4!1s0x0:0x0!8m2!3d-18.469104!4d-70.302819"
Diseño Gráfico Publicitario,IP LOS LEONES,Campus Arturo Prat,"Arturo Prat 269, Santiago, Santiago",http://www.ipleones.cl/carreras/diseno-grafico-publicitario,ipleones.cl,"https://www.google.cl/maps/place/33%C2%B026'54.6%22S+70%C2%B038'57.8%22W/@-33.4484245,-70.6511727,17z/data=!4m5!3m4!1s0x0:0x0!8m2!3d-33.448492!4d-70.649392"
Diseño Industrial,IP DUOC UC,Sede Viña del Mar,"Álvarez 2336, Viña del Mar",http://www.duoc.cl/carrera/diseno-industrial,duoc.cl,"https://www.google.cl/maps/place/33%C2%B002'01.5%22S+71%C2%B031'58.5%22W/@-33.0336847,-71.5353728,17z/data=!4m5!3m4!1s0x0:0x0!8m2!3d-33.033743!4d-71.532927"
Diseño Industrial,IP DUOC UC,Sede San Carlos de Apoquindo,"Camino El Alba 12881, Las Condes, Santiago",http://www.duoc.cl/carrera/diseno-industrial,duoc.cl,"https://www.google.cl/maps/place/33%C2%B024'01.0%22S+70%C2%B030'19.2%22W/@-33.4002705,-70.5075167,17z/data=!3m1!4b1!4m5!3m4!1s0x0:0x0!8m2!3d-33.400275!4d-70.505328"
Diseño Industrial,IP DUOC UC,Sede Plaza Oeste,"Av. Américo Vespucio 1501, Cerrillos, Santiago",http://www.duoc.cl/carrera/diseno-industrial,duoc.cl,"https://www.google.cl/maps/place/33%C2%B030'54.7%22S+70%C2%B043'06.4%22W/@-33.5151875,-70.7206237,17z/data=!3m1!4b1!4m5!3m4!1s0x0:0x0!8m2!3d-33.515192!4d-70.718435"
Diseño Industrial,PONTIFICIA UNIVERSIDAD CATÓLICA DE VALPARAÍSO,Sede Valparaíso,"Brasil 2950, Valparaíso",http://www.pucv.cl/pucv/pregrado/diseno-industrial/2015-06-08/162247.html,pucv.cl,"https://www.google.cl/maps/place/33%C2%B002'39.9%22S+71%C2%B036'19.9%22W/@-33.0444025,-71.6077117,17z/data=!3m1!4b1!4m5!3m4!1s0x0:0x0!8m2!3d-33.044407!4d-71.605523"
Diseño Industrial,UNIVERSIDAD DE CHILE,Campus Andrés Bello,"Portugal 84, Santiago, Santiago",http://www.uchile.cl/carreras/4929/diseno,uchile.cl,"https://www.google.cl/maps/place/33%C2%B026'32.2%22S+70%C2%B038'17.7%22W/@-33.4422812,-70.6404168,17z/data=!4m5!3m4!1s0x0:0x0!8m2!3d-33.442268!4d-70.638239"
Diseño Industrial,UNIVERSIDAD TECNOLÓGICA METROPOLITANA,Campus Área Central,"Dieciocho 161, Santiago, Santiago",https://fhtcs.utem.cl/carreras-ingreso-psu/diseno-industrial/,fhtcs.utem.cl/,"https://www.google.cl/maps/place/33%C2%B026'54.7%22S+70%C2%B039'27.7%22W/@-33.4485125,-70.6598757,17z/data=!3m1!4b1!4m5!3m4!1s0x0:0x0!8m2!3d-33.448517!4d-70.657687"
Diseño Mención Comunicación/Equipamiento,UNIVERSIDAD DE LA SERENA,Campus Limarí,"Benavente 980, La Serena",http://www.userena.cl/boton-carreras/category/facultad-de-humanidades-2.html,userena.cl,"https://www.google.cl/maps/place/29%C2%B054'31.6%22S+71%C2%B014'47.8%22W/@-29.9087906,-71.2489927,17z/data=!4m5!3m4!1s0x0:0x0!8m2!3d-29.908777!4d-71.246611"
Diseño Mención Industrial/Gráfico/Ambientes,UNIVERSIDAD MAYOR,Campus El Claustro,"Portugal 351, Santiago, Santiago",https://www.umayor.cl/um/carreras/diseno-santiago/10000,umayor.cl,"https://www.google.cl/maps/place/33%C2%B026'47.9%22S+70%C2%B038'08.7%22W/@-33.4466415,-70.6379367,17z/data=!3m1!4b1!4m5!3m4!1s0x0:0x0!8m2!3d-33.446646!4d-70.635748"
Diseño Multimedia,UNIVERSIDAD DE TARAPACÁ,Sede Arica,"General Velásquez 1775, Arica",http://admision.uta.cl/diseno-multimedia/admision/2016-03-01/172441.html,admision.uta.cl,"https://www.google.cl/maps/@-18.4712034,-70.3122585,15z"
Diseño Teatral,UNIVERSIDAD DE CHILE,Campus Andrés Bello,"Morandé 750, Santiago, Santiago",http://www.uchile.cl/carreras/4940/diseno-teatral,uchile.cl,"https://www.google.cl/maps/place/33%C2%B026'06.0%22S+70%C2%B039'14.4%22W/@-33.4349875,-70.6561927,17z/data=!3m1!4b1!4m5!3m4!1s0x0:0x0!8m2!3d-33.434992!4d-70.654004"
Diseño Vestuario y Textiles,UNIVERSIDAD DEL PACÍFICO,Sede Las Condes,"Av. Las Condes 11121, Las Condes, Santiago",http://www.upacifico.cl/carrera/diseno-de-vestuario-y-textiles#!/carrera/diseno-de-vestuario-y-textiles,upacifico.cl,"https://www.google.cl/maps/place/33%C2%B022'41.0%22S+70%C2%B031'39.4%22W/@-33.3780405,-70.5298097,17z/data=!3m1!4b1!4m5!3m4!1s0x0:0x0!8m2!3d-33.378045!4d-70.527621"
Diseño Web & Mobile,CFT INACAP,INACAP Apoquindo,"Apoquindo Ote. 7282, Las Condes,  Metropolitana, Chile",http://www.inacap.cl/tportalvp/diseno-y-comunicaciones/contenido/carreras/carrera-diseno-y-programacion-multimedia,inacap.cl,"https://www.google.cl/maps/place/33%C2%B024'29.6%22S+70%C2%B033'12.2%22W/@-33.4082369,-70.5555655,17z/data=!4m5!3m4!1s0x0:0x0!8m2!3d-33.408215!4d-70.553377"
Diseño y Producción Gráfica,CFT INACAP,INACAP Arica,"Santa María 2190, Arica",http://portales.inacap.cl/areas-inacap/diseno-y-comunicacion/carrera/diseno-y-produccion-grafica,inacap.cl,"https://www.google.cl/maps/place/18%C2%B028'08.4%22S+70%C2%B018'10.0%22W/@-18.4691185,-70.3049725,17z/data=!4m5!3m4!1s0x0:0x0!8m2!3d-18.468991!4d-70.302773"
Diseño y Producción Gráfica,CFT INACAP,INACAP Iquique,"Av. La Tirana 4310, Iquique",http://portales.inacap.cl/areas-inacap/diseno-y-comunicacion/carrera/diseno-y-produccion-grafica,inacap.cl,"https://www.google.cl/maps/place/20%C2%B016'18.5%22S+70%C2%B007'32.2%22W/@-20.271794,-70.1278067,17z/data=!3m1!4b1!4m5!3m4!1s0x0:0x0!8m2!3d-20.271799!4d-70.125618"
Diseño y Producción Gráfica,CFT INACAP,INACAP La Serena,"Francisco de Aguirre 389, La Serena",http://portales.inacap.cl/areas-inacap/diseno-y-comunicacion/carrera/diseno-y-produccion-grafica,inacap.cl,"https://www.google.cl/maps/place/29%C2%B054'21.8%22S+71%C2%B016'02.4%22W/@-29.9060463,-71.2695207,17z/data=!3m1!4b1!4m5!3m4!1s0x0:0x0!8m2!3d-29.906051!4d-71.267332"
Diseño y Producción Gráfica,CFT INACAP,INACAP Apoquindo,"Apoquindo Ote. 7282, Las Condes, Santiago",http://portales.inacap.cl/areas-inacap/diseno-y-comunicacion/carrera/diseno-y-produccion-grafica,inacap.cl,"https://www.google.cl/maps/place/33%C2%B024'29.2%22S+70%C2%B033'12.0%22W/@-33.4081115,-70.5555227,17z/data=!3m1!4b1!4m5!3m4!1s0x0:0x0!8m2!3d-33.408116!4d-70.553334"
Diseño y Producción Gráfica,CFT INACAP,INACAP Peréz Rosales,"Brown Nte 290, Ñuñoa, Santiago",http://portales.inacap.cl/areas-inacap/diseno-y-comunicacion/carrera/diseno-y-produccion-grafica,inacap.cl,"https://www.google.cl/maps/place/33%C2%B027'08.5%22S+70%C2%B035'26.3%22W/@-33.4523535,-70.5928387,17z/data=!3m1!4b1!4m5!3m4!1s0x0:0x0!8m2!3d-33.452358!4d-70.59065"
Diseño y Producción Gráfica,CFT INACAP,INACAP Puente Alto,"Av. Concha Y Toro 2618, Puente Alto, Región Metropolitana",http://portales.inacap.cl/areas-inacap/diseno-y-comunicacion/carrera/diseno-y-produccion-grafica,inacap.cl,"https://www.google.cl/maps/place/33%C2%B035'08.8%22S+70%C2%B034'51.0%22W/@-33.5857705,-70.5830197,17z/data=!3m1!4b1!4m5!3m4!1s0x0:0x0!8m2!3d-33.585775!4d-70.580831"
Diseño y Producción Gráfica,CFT INACAP,INACAP Curicó,"Juan Fernández 2010, Curicó",http://portales.inacap.cl/areas-inacap/diseno-y-comunicacion/carrera/diseno-y-produccion-grafica,inacap.cl,"https://www.google.cl/maps/place/34%C2%B058'43.8%22S+71%C2%B012'39.2%22W/@-34.9788346,-71.2130737,17z/data=!3m1!4b1!4m5!3m4!1s0x0:0x0!8m2!3d-34.978839!4d-71.210885"
Diseño y Producción Gráfica,CFT INACAP,INACAP Temuco,"Luis Durand 2150, Temuco",http://portales.inacap.cl/areas-inacap/diseno-y-comunicacion/carrera/diseno-y-produccion-grafica,inacap.cl,"https://www.google.cl/maps/place/38%C2%B043'31.6%22S+72%C2%B037'51.4%22W/@-38.7254145,-72.6323472,17z/data=!4m5!3m4!1s0x0:0x0!8m2!3d-38.725444!4d-72.630942"
Diseño y Producción Gráfica,CFT INACAP,INACAP Osorno,"Alcalde René Soriano Bórquez 2360, Osorno, ",http://portales.inacap.cl/areas-inacap/diseno-y-comunicacion/carrera/diseno-y-produccion-grafica,inacap.cl,"https://www.google.cl/maps/place/40%C2%B034'52.3%22S+73%C2%B006'41.5%22W/@-40.5811919,-73.1137197,17z/data=!3m1!4b1!4m5!3m4!1s0x0:0x0!8m2!3d-40.581196!4d-73.111531"
Diseño y Producción Gráfica,CFT INACAP,INACAP Punta Arenas,"Av Bulnes 4, Punta Arenas",http://portales.inacap.cl/areas-inacap/diseno-y-comunicacion/carrera/diseno-y-produccion-grafica,inacap.cl,"https://www.google.cl/maps/place/53%C2%B007'52.9%22S+70%C2%B052'45.3%22W/@-53.1313648,-70.8814277,17z/data=!3m1!4b1!4m5!3m4!1s0x0:0x0!8m2!3d-53.131368!4d-70.879239"
Técnico en Diseño Publicitario Multimedial,IP SANTO TOMAS,Sede Copiapó,"Río Copiapó Sur 2351, Copiapó",http://ipcft.santotomas.cl/carreras/tecnico-diseno-digital-publicitario/,ipcft.santotomas.cl,"https://www.google.cl/maps/place/27%C2%B020'35.0%22S+70%C2%B021'55.8%22W/@-27.3430542,-70.3676967,17z/data=!3m1!4b1!4m5!3m4!1s0x0:0x0!8m2!3d-27.343059!4d-70.365508"